排名,代码,名称,最新价,涨跌幅%,涨速%,成交额(元),换手率%,成交额排名,涨速排名,综合分
1,111024,澳弘转债,186.724,0.02,1.10,1796320572,169.50,2,1,97.8
2,123243,严牌转债,273.000,8.76,0.12,2272925505,330.34,1,29,80.0
3,118071,华峰转债,204.371,-2.11,0.53,497586515,31.51,13,4,74.1
4,123283,丰茂转债,160.692,-6.03,0.37,621437754,61.82,11,7,72.9
5,123241,欧通转债,710.000,-4.52,0.29,646284533,34.13,10,10,71.6
6,118027,宏图转债,106.487,4.86,0.16,768658653,123.58,7,21,70.6
7,118064,联瑞转债,287.951,-4.61,-0.03,1066529049,52.36,3,195,69.8
8,123284,强达转债,204.000,-3.48,0.57,243074915,21.38,36,3,68.2
9,123273,三江转债,316.200,6.29,-0.09,950829493,106.18,5,253,67.5
10,118058,微导转债,282.183,-11.69,-0.11,966417379,28.26,4,270,67.3
11,123285,润禾转02,164.301,-4.00,0.02,708574856,114.85,9,81,67.0
12,127096,泰坦转债,432.610,0.95,0.00,720439300,57.68,8,157,66.8
13,118030,睿创转债,548.436,-0.66,0.26,400067720,5.75,17,15,66.5
14,123118,惠城转债,615.500,0.90,0.06,593837650,147.17,12,49,66.2
15,127092,运机转债,303.733,-0.52,0.14,365439694,22.47,23,26,63.2
16,127070,大中转债,241.203,-1.55,0.13,369175282,16.07,21,28,63.1
17,123270,盛德转债,204.028,0.90,0.10,385674195,46.32,18,33,62.9
18,123255,鼎龙转债,301.074,-6.86,0.00,430095167,15.35,15,156,61.9
19,123225,翔丰转债,138.800,0.58,0.00,401438670,51.17,16,155,61.3
20,111015,东亚转债,134.657,1.25,-0.03,383468431,42.29,19,197,60.2
